url,message
http://di75wax.devweb.mwn.de/static/computers/laptops.html,Success
http://di75wax.devweb.mwn.de/static/computers/laptops-1.html?page=2,Success
http://di75wax.devweb.mwn.de/static/computers/laptops-2.html?page=3,Success
http://di75wax.devweb.mwn.de/static/computers/laptops-3.html?page=4,Success
http://di75wax.devweb.mwn.de/static/computers/laptops-4.html?page=5,Success
http://di75wax.devweb.mwn.de/static/computers/laptops-5.html?page=6,Success
http://di75wax.devweb.mwn.de/static/computers/laptops-6.html?page=7,Success
http://di75wax.devweb.mwn.de/static/computers/laptops-7.html?page=8,Success
http://di75wax.devweb.mwn.de/static/computers/laptops-11.html?page=9,Success
http://di75wax.devweb.mwn.de/static/computers/laptops-12.html?page=10,Success
http://di75wax.devweb.mwn.de/static/computers/laptops-13.html?page=11,Success
http://di75wax.devweb.mwn.de/static/computers/laptops-15.html?page=12,Success
http://di75wax.devweb.mwn.de/static/computers/laptops-16.html?page=13,Success
http://di75wax.devweb.mwn.de/static/computers/laptops-17.html?page=14,Success
http://di75wax.devweb.mwn.de/static/computers/laptops-18.html?page=15,Success
http://di75wax.devweb.mwn.de/static/computers/laptops-19.html?page=16,Success
http://di75wax.devweb.mwn.de/static/computers/laptops-20.html?page=17,Success
http://di75wax.devweb.mwn.de/static/computers/laptops-14.html?page=18,Success
http://di75wax.devweb.mwn.de/static/computers/laptops-8.html?page=19,Success
http://di75wax.devweb.mwn.de/static/computers/laptops-9.html?page=20,Success
http://di75wax.devweb.mwn.de/static/product/516.html,Success
http://di75wax.devweb.mwn.de/static/product/517.html,Success
http://di75wax.devweb.mwn.de/static/product/518.html,Success
http://di75wax.devweb.mwn.de/static/product/519.html,Success
http://di75wax.devweb.mwn.de/static/product/520.html,Success
http://di75wax.devweb.mwn.de/static/product/521.html,Success
http://di75wax.devweb.mwn.de/static/product/522.html,Success
http://di75wax.devweb.mwn.de/static/product/523.html,Success
http://di75wax.devweb.mwn.de/static/product/524.html,Success
http://di75wax.devweb.mwn.de/static/product/525.html,Success
http://di75wax.devweb.mwn.de/static/product/526.html,Success
http://di75wax.devweb.mwn.de/static/product/527.html,Success
http://di75wax.devweb.mwn.de/static/product/528.html,Success
http://di75wax.devweb.mwn.de/static/product/529.html,Success
http://di75wax.devweb.mwn.de/static/product/530.html,Success
http://di75wax.devweb.mwn.de/static/product/531.html,Success
http://di75wax.devweb.mwn.de/static/product/532.html,Success
http://di75wax.devweb.mwn.de/static/product/533.html,Success
http://di75wax.devweb.mwn.de/static/product/534.html,Success
http://di75wax.devweb.mwn.de/static/product/535.html,Success
http://di75wax.devweb.mwn.de/static/product/536.html,Success
http://di75wax.devweb.mwn.de/static/product/537.html,Success
http://di75wax.devweb.mwn.de/static/product/538.html,Success
http://di75wax.devweb.mwn.de/static/product/539.html,Success
http://di75wax.devweb.mwn.de/static/product/540.html,Success
http://di75wax.devweb.mwn.de/static/product/541.html,Success
http://di75wax.devweb.mwn.de/static/product/542.html,Success
http://di75wax.devweb.mwn.de/static/product/543.html,Success
http://di75wax.devweb.mwn.de/static/product/544.html,Success
http://di75wax.devweb.mwn.de/static/product/545.html,Success
http://di75wax.devweb.mwn.de/static/product/546.html,Success
http://di75wax.devweb.mwn.de/static/product/547.html,Success
http://di75wax.devweb.mwn.de/static/product/548.html,Success
http://di75wax.devweb.mwn.de/static/product/549.html,Success
http://di75wax.devweb.mwn.de/static/product/550.html,Success
http://di75wax.devweb.mwn.de/static/product/551.html,Success
http://di75wax.devweb.mwn.de/static/product/552.html,Success
http://di75wax.devweb.mwn.de/static/product/553.html,Success
http://di75wax.devweb.mwn.de/static/product/554.html,Success
http://di75wax.devweb.mwn.de/static/product/555.html,Success
http://di75wax.devweb.mwn.de/static/product/556.html,Success
http://di75wax.devweb.mwn.de/static/product/557.html,Success
http://di75wax.devweb.mwn.de/static/product/558.html,Success
http://di75wax.devweb.mwn.de/static/product/559.html,Success
http://di75wax.devweb.mwn.de/static/product/560.html,Success
http://di75wax.devweb.mwn.de/static/product/561.html,Success
http://di75wax.devweb.mwn.de/static/product/562.html,Success
http://di75wax.devweb.mwn.de/static/product/563.html,Success
http://di75wax.devweb.mwn.de/static/product/564.html,Success
http://di75wax.devweb.mwn.de/static/product/565.html,Success
http://di75wax.devweb.mwn.de/static/product/566.html,Success
http://di75wax.devweb.mwn.de/static/product/567.html,Success
http://di75wax.devweb.mwn.de/static/product/568.html,Success
http://di75wax.devweb.mwn.de/static/product/569.html,Success
http://di75wax.devweb.mwn.de/static/product/570.html,Success
http://di75wax.devweb.mwn.de/static/product/571.html,Success
http://di75wax.devweb.mwn.de/static/product/572.html,Success
http://di75wax.devweb.mwn.de/static/product/573.html,Success
http://di75wax.devweb.mwn.de/static/product/574.html,Success
http://di75wax.devweb.mwn.de/static/product/575.html,Success
http://di75wax.devweb.mwn.de/static/product/576.html,Success
http://di75wax.devweb.mwn.de/static/product/577.html,Success
http://di75wax.devweb.mwn.de/static/product/578.html,Success
http://di75wax.devweb.mwn.de/static/product/579.html,Success
http://di75wax.devweb.mwn.de/static/product/580.html,Success
http://di75wax.devweb.mwn.de/static/product/581.html,Success
http://di75wax.devweb.mwn.de/static/product/582.html,Success
http://di75wax.devweb.mwn.de/static/product/583.html,Success
http://di75wax.devweb.mwn.de/static/product/584.html,Success
http://di75wax.devweb.mwn.de/static/product/585.html,Success
http://di75wax.devweb.mwn.de/static/product/586.html,Success
http://di75wax.devweb.mwn.de/static/product/587.html,Success
http://di75wax.devweb.mwn.de/static/product/588.html,Success
http://di75wax.devweb.mwn.de/static/product/589.html,Success
http://di75wax.devweb.mwn.de/static/product/590.html,Success
http://di75wax.devweb.mwn.de/static/product/591.html,Success
http://di75wax.devweb.mwn.de/static/product/592.html,Success
http://di75wax.devweb.mwn.de/static/product/593.html,Success
http://di75wax.devweb.mwn.de/static/product/594.html,Success
http://di75wax.devweb.mwn.de/static/product/595.html,Success
http://di75wax.devweb.mwn.de/static/product/596.html,Success
http://di75wax.devweb.mwn.de/static/product/597.html,Success
http://di75wax.devweb.mwn.de/static/product/598.html,Success
http://di75wax.devweb.mwn.de/static/product/599.html,Success
http://di75wax.devweb.mwn.de/static/product/600.html,Success
http://di75wax.devweb.mwn.de/static/product/601.html,Success
http://di75wax.devweb.mwn.de/static/product/602.html,Success
http://di75wax.devweb.mwn.de/static/product/603.html,Success
http://di75wax.devweb.mwn.de/static/product/604.html,Success
http://di75wax.devweb.mwn.de/static/product/605.html,Success
http://di75wax.devweb.mwn.de/static/product/606.html,Success
http://di75wax.devweb.mwn.de/static/product/607.html,Success
http://di75wax.devweb.mwn.de/static/product/608.html,Success
http://di75wax.devweb.mwn.de/static/product/609.html,Success
http://di75wax.devweb.mwn.de/static/product/610.html,Success
http://di75wax.devweb.mwn.de/static/product/611.html,Success
http://di75wax.devweb.mwn.de/static/product/612.html,Success
http://di75wax.devweb.mwn.de/static/product/613.html,Success
http://di75wax.devweb.mwn.de/static/product/614.html,Success
http://di75wax.devweb.mwn.de/static/product/615.html,Success
http://di75wax.devweb.mwn.de/static/product/616.html,Success
http://di75wax.devweb.mwn.de/static/product/617.html,Success
http://di75wax.devweb.mwn.de/static/product/618.html,Success
http://di75wax.devweb.mwn.de/static/product/619.html,Success
http://di75wax.devweb.mwn.de/static/product/620.html,Success
http://di75wax.devweb.mwn.de/static/product/621.html,Success
http://di75wax.devweb.mwn.de/static/product/622.html,Success
http://di75wax.devweb.mwn.de/static/product/623.html,Success
http://di75wax.devweb.mwn.de/static/product/624.html,Success
http://di75wax.devweb.mwn.de/static/product/625.html,Success
http://di75wax.devweb.mwn.de/static/product/626.html,Success
http://di75wax.devweb.mwn.de/static/product/627.html,Success
http://di75wax.devweb.mwn.de/static/product/628.html,Success
http://di75wax.devweb.mwn.de/static/product/629.html,Success
http://di75wax.devweb.mwn.de/static/product/630.html,Success
http://di75wax.devweb.mwn.de/static/product/631.html,Success
http://di75wax.devweb.mwn.de/static/product/632.html,Success
http://di75wax.devweb.mwn.de/static/computers/tablets.html,Success
http://di75wax.devweb.mwn.de/static/computers/tablets-1.html?page=2,Success
http://di75wax.devweb.mwn.de/static/computers/tablets-2.html?page=3,Success
http://di75wax.devweb.mwn.de/static/computers/tablets-3.html?page=4,Success
http://di75wax.devweb.mwn.de/static/product/495.html,Success
http://di75wax.devweb.mwn.de/static/product/496.html,Success
http://di75wax.devweb.mwn.de/static/product/497.html,Success
http://di75wax.devweb.mwn.de/static/product/498.html,Success
http://di75wax.devweb.mwn.de/static/product/499.html,Success
http://di75wax.devweb.mwn.de/static/product/500.html,Success
http://di75wax.devweb.mwn.de/static/product/501.html,Success
http://di75wax.devweb.mwn.de/static/product/502.html,Success
http://di75wax.devweb.mwn.de/static/product/503.html,Success
http://di75wax.devweb.mwn.de/static/product/504.html,Success
http://di75wax.devweb.mwn.de/static/product/505.html,Success
http://di75wax.devweb.mwn.de/static/product/506.html,Success
http://di75wax.devweb.mwn.de/static/product/507.html,Success
http://di75wax.devweb.mwn.de/static/product/508.html,Success
http://di75wax.devweb.mwn.de/static/product/509.html,Success
http://di75wax.devweb.mwn.de/static/product/510.html,Success
http://di75wax.devweb.mwn.de/static/product/511.html,Success
http://di75wax.devweb.mwn.de/static/product/512.html,Success
http://di75wax.devweb.mwn.de/static/product/513.html,Success
http://di75wax.devweb.mwn.de/static/product/514.html,Success
http://di75wax.devweb.mwn.de/static/product/515.html,Success
http://di75wax.devweb.mwn.de/static/phones/touch.html,Success
http://di75wax.devweb.mwn.de/static/phones/touch-1.html?page=2,Success
http://di75wax.devweb.mwn.de/static/product/486.html,Success
http://di75wax.devweb.mwn.de/static/product/487.html,Success
http://di75wax.devweb.mwn.de/static/product/488.html,Success
http://di75wax.devweb.mwn.de/static/product/489.html,Success
http://di75wax.devweb.mwn.de/static/product/490.html,Success
http://di75wax.devweb.mwn.de/static/product/491.html,Success
http://di75wax.devweb.mwn.de/static/product/492.html,Success
http://di75wax.devweb.mwn.de/static/product/493.html,Success
http://di75wax.devweb.mwn.de/static/product/494.html,Success
